{"time": 0.12139591177542139, "distance": 0.08235126299820568, "averageSpeed": 0.04603511417637128, "maxSpeed": 0.06924972973825146, "maxStopTime": 0.07040078152005821, "xUTurnCount": 0.03143592135142531, "yUTurnCount": 0.05066871233026292, "thinkingTime": 0.05260374279129112, "answeringTime": 0.20170716757873466, "maxDDTime": 0.04659999549146212, "DDCount": 0.025663377898218587, "maxDDIntervalTime": 0.0672928814144458, "totalDDIntervalTime": 0.13459540093585143}