{"mean_accuracy": 0.8282608695652174, "precision_y": 0.8108791289226073, "recall_y": 0.8504953913363524, "f1score_y": 0.8285692310028105, "precision_n": 0.8507403226064554, "recall_n": 0.8040155456459803, "f1score_n": 0.8242278375460387}